Collecting time,X,Y,Z,
0,143,-631,-428,
40,133,-651,-425,
80,121,-693,-407,
120,119,-762,-354,
160,121,-812,-284,
200,126,-844,-214,
240,124,-866,-145,
280,129,-868,-65,
320,129,-863,-10,
360,130,-849,43,
400,124,-833,97,
440,127,-820,110,
480,132,-810,121,
520,136,-801,127,
560,141,-791,141,
600,141,-785,146,
640,133,-785,162,
680,139,-777,165,
720,146,-767,168,
760,152,-758,174,
800,161,-739,177,
840,158,-718,204,
880,159,-701,217,
920,164,-687,223,
960,162,-677,235,
1001,154,-666,250,
1041,156,-652,263,
1081,152,-635,275,
1121,148,-628,279,
1161,149,-620,286,
1201,151,-616,287,
1241,150,-603,293,
1281,155,-579,303,
1321,162,-555,305,
1361,164,-528,311,
1401,164,-499,317,
1441,167,-477,319,
1481,165,-449,324,
1521,161,-439,327,
1561,162,-431,328,
1601,161,-423,326,
1641,159,-418,329,
1681,159,-418,328,
1721,161,-414,329,
1761,162,-418,329,
1801,168,-396,324,
1841,171,-358,317,
1881,169,-321,318,
1921,171,-285,313,
1961,173,-267,305,
2002,174,-256,303,
2042,183,-235,286,
2082,191,-178,255,
2122,196,-117,206,
2162,204,-68,147,
2202,214,-23,54,
2242,217,-2,-31,
2282,214,0,-94,
2322,208,0,-155,
2362,205,-6,-185,
2402,204,-11,-204,
2442,199,-16,-220,
2482,196,-24,-244,
2522,196,-33,-260,
2562,202,-57,-278,
2602,218,-94,-300,
2642,230,-141,-317,
2682,238,-190,-341,
2722,244,-237,-359,
2762,234,-291,-389,
2802,201,-391,-440,
2842,187,-457,-451,
2882,179,-508,-449,
2922,169,-575,-440,
2962,159,-628,-420,
3003,155,-667,-398,
3043,150,-705,-377,
3083,147,-735,-354,
3123,148,-785,-292,
3163,153,-827,-189,
3203,154,-847,-45,
3243,140,-835,61,
3283,130,-821,110,
3323,126,-806,140,
3363,120,-794,169,
3403,116,-775,196,
3443,112,-763,210,
3483,119,-762,202,
3523,130,-745,214,
3563,147,-725,215,
3603,155,-688,234,
3643,191,-596,259,
3683,208,-500,277,
3723,197,-385,300,
3763,188,-304,302,
3803,181,-241,295,
3843,172,-196,286,
3883,159,-142,266,
3923,154,-94,238,
3963,148,-52,217,
4004,141,-23,190,
4044,137,7,153,
4084,142,55,43,
4124,147,71,-66,
4164,156,56,-150,
4204,149,42,-209,
4244,145,29,-247,
4284,143,18,-273,
4324,140,8,-290,
4364,140,-6,-311,
4404,146,-20,-324,
4444,154,-32,-324,
4484,163,-50,-332,
4524,171,-84,-361,
4564,181,-146,-397,
4604,189,-278,-445,
4644,178,-372,-468,
4684,171,-427,-470,
4724,171,-465,-470,
4764,169,-501,-465,
4804,166,-543,-462,
4844,164,-579,-446,
4884,163,-610,-438,
4924,156,-656,-419,
4964,155,-688,-399,
5005,152,-708,-387,
5045,148,-737,-371,
5085,148,-772,-329,
5125,149,-812,-277,
5165,148,-841,-222,
5205,153,-850,-192,
5245,154,-860,-147,
5285,151,-869,-86,
5325,153,-869,-31,
5365,147,-867,7,
5405,128,-857,87,
5445,118,-839,138,
5485,111,-815,184,
5525,108,-794,212,
5565,128,-779,214,
5605,148,-755,214,
5645,159,-719,234,
5685,179,-638,274,
5725,195,-549,294,
5765,173,-451,336,
5805,168,-404,344,
5845,172,-372,340,
5885,167,-332,344,
5925,153,-298,343,
5965,158,-262,333,
6006,162,-232,317,
6046,157,-207,313,
6086,166,-169,288,
6126,176,-115,244,
6166,174,14,75,
6206,173,56,-34,
6246,173,53,-30,
6286,173,52,-25,
6326,170,54,-21,
6366,166,55,-10,
6406,161,56,2,
6446,161,57,-1,
6486,159,60,-26,
6526,151,63,-115,
6566,139,63,-176,
6606,119,38,-269,
6646,107,25,-301,
6686,97,17,-321,
6726,88,10,-340,
6766,80,1,-356,
6806,74,-9,-374,
6846,72,-24,-387,
6886,76,-41,-399,
6926,64,-58,-417,
6966,52,-90,-447,
7007,48,-153,-483,
7047,42,-258,-525,
7087,44,-466,-532,
7127,64,-685,-450,
7167,49,-702,-447,
7207,42,-728,-430,
7247,32,-756,-416,
7287,14,-778,-406,
7327,-1,-800,-390,
7367,-14,-826,-371,
7407,-25,-858,-334,
7447,-31,-886,-294,
7487,-39,-919,-223,
7527,-61,-948,-89,
7567,-76,-945,14,
7607,-102,-921,98,
7647,-139,-894,158,
7687,-160,-873,191,
7727,-180,-844,226,
7767,-208,-814,256,
7807,-224,-783,279,
7847,-253,-721,320,
7887,-271,-645,349,
7927,-274,-564,382,
7967,-282,-516,388,
8008,-288,-476,392,
8048,-281,-401,402,
8088,-295,-345,391,
8128,-310,-313,380,
8168,-314,-221,350,
8208,-314,-93,291,
8248,-319,1,198,
8288,-331,45,127,
8328,-337,66,72,
8368,-342,83,1,
8408,-355,73,-139,
8448,-361,46,-225,
8488,-363,23,-265,
8528,-371,-12,-306,
8568,-376,-42,-337,
8608,-385,-63,-348,
8648,-395,-89,-365,
8688,-388,-105,-378,
8728,-395,-124,-387,
8768,-403,-165,-405,
8808,-402,-209,-425,
8848,-401,-263,-445,
8888,-394,-323,-463,
8928,-381,-393,-478,
8968,-372,-464,-480,
9009,-373,-513,-473,
9049,-363,-566,-459,
9089,-360,-622,-441,
9129,-361,-704,-386,
9169,-361,-805,-277,
9209,-364,-856,-162,
9249,-366,-862,-108,
9289,-372,-859,-57,
9329,-376,-854,-30,
9369,-395,-836,-7,
9409,-407,-818,25,
9449,-403,-803,81,
9489,-394,-770,138,
9529,-403,-696,207,
9569,-406,-632,250,
9609,-405,-584,277,
9649,-403,-525,292,
9689,-409,-465,302,
9729,-414,-400,301,
9769,-414,-345,296,
9809,-407,-322,303,
9849,-402,-305,298,
9889,-391,-266,300,
9929,-377,-233,297,
9969,-364,-187,284,
10010,-346,-117,258,
10050,-325,-57,225,
10090,-306,9,167,
10130,-285,72,71,
10170,-269,104,-67,
10210,-254,64,-261,
10250,-232,5,-360,
10290,-225,-27,-398,
10330,-207,-63,-437,
10370,-193,-109,-468,
10410,-190,-143,-489,
10450,-194,-204,-515,
10490,-218,-356,-543,
10530,-241,-437,-539,
10570,-224,-467,-540,
10610,-208,-514,-538,
10650,-200,-545,-535,
10690,-188,-589,-523,
10730,-181,-639,-507,
10770,-177,-660,-499,
10810,-159,-676,-493,
10850,-152,-724,-468,
10890,-140,-774,-435,
10930,-131,-828,-383,
10970,-113,-888,-302,
11011,-96,-933,-206,
11051,-82,-944,-7,
11091,-104,-885,176,
11131,-102,-870,198,
11171,-95,-856,218,
11211,-91,-838,239,
11251,-86,-833,249,
11291,-78,-821,263,
11331,-63,-799,278,
11371,-48,-765,305,
11411,-43,-695,355,
11451,-21,-581,395,
11491,0,-518,408,
11531,26,-482,405,
11571,46,-410,406,
11611,64,-362,400,
11651,77,-317,388,
11691,93,-285,376,
11731,106,-265,364,
11771,111,-245,355,
11811,119,-212,338,
11851,132,-170,311,
11891,152,-137,277,
11931,166,-111,245,
11971,178,-62,193,
12012,186,15,53,
12052,200,24,-127,
12092,202,15,-166,
12132,202,7,-184,
12172,210,1,-182,
12212,222,-6,-162,
12252,230,-16,-161,
12292,235,-29,-177,
12332,229,-42,-224,
12372,230,-82,-288,
12412,217,-106,-331,
12452,209,-126,-355,
12492,213,-142,-367,
12532,209,-156,-380,
12572,204,-163,-390,
12612,201,-173,-395,
12652,201,-181,-402,
12692,205,-190,-402,
12732,207,-208,-406,
12772,202,-208,-412,
12812,194,-221,-425,
12852,194,-252,-437,
12892,190,-279,-450,
12932,182,-300,-460,
12972,176,-327,-471,
13013,173,-369,-476,
13053,169,-426,-477,
13093,162,-569,-448,
13133,184,-745,-302,
13173,182,-774,-270,
13213,174,-798,-247,
13253,164,-809,-242,
13293,155,-817,-246,
13333,141,-829,-246,
13373,133,-842,-217,
13413,119,-879,-131,
13453,102,-894,-33,
13493,89,-892,15,
13533,85,-889,46,
13573,77,-883,70,
13613,67,-885,80,
13653,63,-880,100,
13693,53,-876,127,
13733,46,-878,129,
13773,38,-872,144,
13813,29,-867,164,
13853,16,-861,180,
13893,8,-847,207,
13933,-3,-828,237,
13973,-16,-813,257,
14014,-37,-802,277,
14054,-52,-776,303,
14094,-52,-740,328,
14134,-62,-714,349,
14174,-73,-681,368,
14214,-74,-649,384,
14254,-90,-632,393,
14294,-106,-612,406,
14334,-121,-577,415,
14374,-130,-538,427,
14414,-144,-510,428,
14454,-154,-465,433,
14494,-165,-408,437,
14534,-176,-352,434,
14574,-187,-286,424,
14614,-200,-212,401,
14654,-208,-161,382,
14694,-214,-119,360,
14734,-218,-63,323,
14774,-226,-19,282,
14814,-238,18,247,
14854,-242,48,201,
14894,-253,75,157,
14934,-261,106,88,
14974,-275,123,0,
15015,-282,125,-60,
15055,-288,120,-120,
15095,-291,106,-172,
15135,-294,93,-208,
15175,-296,77,-240,
15215,-301,61,-269,
15255,-312,36,-299,
15295,-320,-2,-344,
15335,-325,-34,-370,
15375,-331,-61,-393,
15415,-334,-85,-407,
15455,-345,-107,-418,
15495,-359,-133,-422,
15535,-365,-150,-424,
15575,-375,-180,-434,
15615,-383,-231,-448,
15655,-390,-285,-462,
15695,-398,-340,-466,
15735,-411,-406,-458,
15775,-420,-459,-451,
15815,-418,-518,-442,
15855,-415,-592,-418,
15895,-404,-662,-393,
15935,-386,-721,-365,
15975,-392,-737,-342,
16016,-401,-747,-323,
16056,-415,-753,-295,
16096,-426,-762,-272,
16136,-431,-777,-237,
16176,-440,-806,-137,
16216,-448,-799,-35,
16256,-455,-758,71,
16296,-463,-719,117,
16336,-467,-688,145,
16376,-465,-651,182,
16416,-466,-619,201,
16456,-461,-585,228,
16496,-455,-554,245,
16536,-451,-523,260,
16576,-450,-499,269,
16616,-448,-473,275,
16656,-447,-436,279,
16696,-444,-399,283,
16736,-442,-357,282,
16776,-438,-316,281,
16816,-427,-271,275,
16856,-417,-235,273,
16896,-408,-207,267,
16936,-401,-174,256,
16976,-391,-135,245,
17017,-376,-90,220,
17057,-370,-57,195,
17097,-361,-21,160,
17137,-349,14,127,
17177,-341,31,106,
17217,-336,47,68,
17257,-331,63,38,
17297,-332,68,16,
17337,-328,77,-24,
17377,-329,82,-64,
17417,-329,79,-97,
17457,-334,67,-155,
17497,-337,55,-197,
17537,-343,26,-253,
17577,-358,-32,-325,
17617,-361,-69,-361,
17657,-360,-112,-398,
17697,-357,-199,-453,
17737,-344,-271,-484,
17777,-331,-327,-503,
17817,-317,-369,-513,
17857,-305,-403,-521,
17897,-288,-441,-523,
17937,-279,-480,-523,
17977,-268,-521,-521,
18018,-255,-560,-517,
18058,-239,-596,-506,
18098,-227,-635,-495,
18138,-216,-670,-484,
18178,-207,-707,-462,
18218,-197,-749,-432,
18258,-193,-808,-377,
18298,-193,-853,-322,
18338,-185,-874,-294,
18378,-175,-889,-270,
18418,-167,-899,-249,
18458,-148,-895,-254,
18498,-129,-898,-249,
18538,-112,-906,-226,
18578,-98,-916,-189,
18618,-84,-924,-149,
18658,-71,-927,-97,
18698,-63,-927,-29,
18738,-54,-913,27,
18778,-55,-888,107,
18818,-70,-822,212,
18858,-81,-752,282,
18898,-80,-692,326,
18938,-68,-632,354,
18978,-56,-589,369,
19019,-40,-549,380,
19059,-21,-500,382,
19099,1,-447,388,
19139,15,-412,382,
19179,21,-382,384,
19219,33,-348,376,
19259,39,-325,372,
19299,43,-302,367,
19339,50,-279,360,
19379,57,-232,347,
19419,66,-199,335,
19459,70,-178,322,
19499,77,-146,303,
19539,88,-98,269,
19579,96,-66,241,
19619,110,-58,229,
19659,123,-48,208,
19699,131,-26,180,
19739,135,5,138,
19779,131,25,104,
19819,132,47,64,
19859,128,66,19,
19899,124,77,-35,
19939,118,87,-109,
19979,104,67,-223,
20020,85,7,-346,
20060,78,-57,-416,
20100,81,-119,-458,
20140,80,-172,-483,
20180,88,-196,-491,
20220,94,-219,-497,
20260,95,-265,-512,
20300,94,-293,-518,
20340,98,-315,-519,
20380,111,-359,-513,
20420,123,-408,-510,
20460,129,-448,-509,
20500,132,-493,-498,
20540,138,-520,-490,
20580,141,-541,-484,
20620,145,-567,-470,
20660,161,-597,-450,
20700,161,-623,-432,
20740,167,-623,-433,
20780,173,-637,-422,
20820,177,-646,-411,
20860,176,-648,-412,
20900,173,-657,-411,
20940,176,-668,-403,
20980,175,-706,-375,
21021,166,-760,-332,
21061,160,-803,-284,
21101,155,-837,-234,
21141,136,-878,-154,
21181,107,-908,-39,
21221,87,-907,30,
21261,83,-893,82,
21301,79,-881,116,
21341,82,-867,140,
21381,85,-845,169,
21421,86,-832,188,
21461,92,-817,197,
21501,89,-803,218,
21541,83,-795,227,
21581,82,-782,247,
21621,87,-747,266,
21661,81,-738,279,
21701,73,-738,282,
21741,79,-720,295,
21781,86,-695,302,
21821,89,-675,316,
21861,89,-663,322,
21901,78,-666,325,
21941,63,-651,340,
21981,56,-619,354,
22022,48,-596,366,
22062,38,-562,382,
22102,29,-491,400,
22142,27,-434,409,
22182,27,-372,407,
22222,24,-295,398,
22262,19,-209,379,
22302,8,-46,292,
22342,-19,90,147,
22382,-31,127,80,
22422,-44,145,19,
22462,-50,156,-53,
22502,-55,155,-105,
22542,-62,148,-166,
22582,-70,137,-195,
22622,-76,131,-224,
22662,-80,116,-262,
22702,-90,104,-284,
22742,-106,95,-300,
22782,-124,76,-331,
22822,-128,62,-353,
22862,-143,46,-370,
22902,-162,17,-399,
22942,-179,-17,-428,
22982,-182,-47,-453,
23023,-185,-74,-474,
23063,-184,-93,-483,
23103,-192,-99,-488,
23143,-196,-121,-497,
23183,-199,-150,-510,
23223,-204,-177,-523,
23263,-209,-216,-535,
23303,-231,-249,-542,
23343,-249,-307,-548,
23383,-271,-367,-549,
23423,-288,-414,-547,
23463,-311,-470,-531,
23503,-331,-558,-509,
23543,-349,-638,-467,
23583,-369,-701,-416,
23623,-391,-772,-333,
23663,-419,-824,-210,
23703,-431,-834,-138,
23743,-441,-832,-67,
23783,-446,-817,-8,
23823,-450,-800,35,
23863,-456,-778,72,
23903,-460,-758,105,
23943,-461,-738,131,
23983,-455,-715,165,
24024,-458,-699,178,
24064,-464,-677,182,
24104,-458,-652,209,
24144,-464,-634,208,
24184,-473,-616,209,
24224,-477,-598,218,
24264,-478,-576,222,
24304,-477,-553,238,
24344,-477,-527,245,
24384,-478,-502,246,
24424,-485,-470,242,
24464,-484,-433,247,
24504,-481,-411,252,
24544,-481,-369,247,
24584,-480,-288,231,
24624,-480,-246,217,
24664,-477,-211,202,
24704,-476,-176,176,
24744,-478,-153,151,
24784,-482,-126,121,
24824,-486,-94,58,
24864,-496,-86,-1,
24904,-509,-92,-62,
24944,-514,-105,-105,
24984,-515,-121,-152,
25025,-518,-158,-209,
25065,-514,-194,-266,
25105,-512,-230,-296,
25145,-506,-251,-318,
25185,-505,-266,-324,
25225,-505,-284,-333,
25265,-504,-306,-343,
25305,-499,-328,-353,
25345,-493,-334,-363,
25385,-493,-346,-365,
25425,-492,-361,-371,
25465,-488,-373,-377,
25505,-488,-384,-372,
25545,-488,-402,-377,
25585,-488,-415,-380,
25625,-488,-422,-375,
25665,-487,-432,-374,
25705,-491,-449,-371,
25745,-491,-480,-366,
25785,-493,-518,-353,
25825,-498,-575,-320,
25865,-504,-618,-275,
25905,-518,-636,-230,
25945,-523,-642,-202,
25985,-531,-649,-175,
26026,-534,-652,-152,
26066,-537,-652,-132,
26106,-538,-651,-112,
26146,-541,-654,-80,
26186,-539,-653,-52,
26226,-541,-651,-26,
26266,-539,-633,16,
26306,-542,-619,38,
26346,-542,-603,56,
26386,-545,-580,75,
26426,-542,-551,98,
26466,-548,-514,114,
26506,-547,-480,126,
26546,-547,-438,136,
26586,-545,-380,135,
26626,-546,-352,129,
26666,-543,-325,130,
26706,-537,-304,130,
26746,-535,-286,127,
26786,-533,-248,112,
26826,-526,-218,104,
26866,-522,-200,95,
26906,-522,-191,79,
26946,-523,-185,82,
26986,-522,-180,74,
27027,-520,-158,42,
27067,-516,-142,32,
27107,-511,-131,26,
27147,-506,-120,15,
27187,-500,-103,15,
27227,-493,-93,13,
27267,-486,-81,4,
27307,-482,-71,-4,
27347,-469,-51,-29,
27387,-459,-34,-55,
27427,-451,-24,-92,
27467,-447,-25,-133,
27507,-451,-42,-178,
27547,-451,-67,-230,
27587,-452,-92,-266,
27627,-453,-152,-327,
27667,-458,-222,-365,
27707,-458,-246,-375,
27747,-460,-290,-390,
27787,-462,-341,-399,
27827,-462,-364,-405,
27867,-452,-404,-411,
27907,-443,-445,-421,
27947,-430,-484,-428,
27987,-419,-526,-431,
28028,-399,-592,-423,
28068,-391,-638,-408,
28108,-376,-669,-398,
28148,-374,-687,-390,
28188,-370,-714,-372,
28228,-361,-747,-352,
28268,-353,-769,-336,
28308,-334,-787,-323,
28348,-328,-808,-305,
28388,-326,-819,-293,
28428,-314,-835,-270,
28468,-298,-853,-252,
28508,-288,-870,-234,
28548,-283,-886,-202,
28588,-274,-899,-167,
28628,-273,-907,-118,
28668,-270,-911,-72,
28708,-270,-911,-27,
28748,-269,-895,43,
28788,-270,-870,113,
28828,-267,-844,158,
28868,-269,-790,223,
28908,-278,-742,270,
28948,-279,-712,287,
28988,-279,-662,324,
29029,-271,-618,346,
29069,-261,-574,365,
29109,-267,-499,386,
29149,-258,-416,397,
29189,-240,-332,398,
29229,-227,-252,388,
29269,-229,-203,372,
29309,-236,-162,355,
29349,-227,-98,330,
29389,-222,-67,310,
29429,-219,-33,284,
29469,-202,-5,267,
29509,-199,2,266,
29549,-194,11,259,
29589,-192,31,245,
29629,-196,38,235,
29669,-187,45,234,
29709,-188,71,198,
29749,-190,100,162,
29789,-180,118,135,
29829,-179,141,81,
29869,-179,159,14,
29909,-183,169,-56,
29949,-195,157,-167,
29989,-204,139,-229,
30030,-210,121,-269,
30070,-218,78,-347,
30110,-220,39,-391,
30150,-216,15,-420,
30190,-214,-23,-455,
30230,-214,-54,-476,
30270,-212,-89,-504,
30310,-189,-174,-545,
30350,-178,-262,-571,
30390,-176,-318,-585,
30430,-181,-379,-589,
30470,-178,-433,-588,
30510,-172,-472,-586,
30550,-171,-496,-583,
30590,-171,-519,-580,
30630,-168,-540,-577,
30670,-164,-567,-569,
30710,-172,-610,-556,
30750,-179,-636,-546,
30790,-175,-674,-528,
30830,-176,-706,-513,
30870,-188,-741,-489,
30910,-200,-800,-443,
30950,-211,-836,-407,
30990,-216,-864,-378,
31031,-225,-896,-331,
31071,-228,-908,-304,
31111,-230,-928,-263,
31151,-243,-958,-166,
31191,-246,-968,-70,
31231,-250,-939,71,
31271,-246,-889,182,
31311,-243,-869,209,
31351,-243,-853,229,
31391,-231,-818,270,
31431,-214,-767,315,
31471,-209,-715,351,
31511,-210,-644,387,
31551,-216,-592,405,
31591,-217,-561,413,
31631,-221,-518,421,
31671,-225,-460,424,
31711,-225,-424,431,
31751,-220,-391,430,
31791,-235,-345,425,
31831,-249,-287,409,
31871,-248,-232,396,
31911,-244,-192,384,
31951,-256,-142,361,
31991,-269,-114,341,
32032,-288,-48,287,
32072,-310,18,217,
32112,-321,58,148,
32152,-328,89,68,
32192,-347,97,7,
32232,-355,96,-7,
32272,-376,90,-69,
32312,-385,79,-123,
32352,-395,62,-166,
32392,-399,37,-231,
32432,-406,-6,-301,
32472,-418,-54,-343,
32512,-433,-112,-377,
32552,-440,-144,-396,
32592,-449,-167,-400,
32632,-459,-187,-401,
32672,-472,-208,-397,
32712,-492,-237,-384,
32752,-509,-263,-375,
32792,-514,-291,-377,
32832,-517,-322,-378,
32872,-530,-364,-368,
32912,-538,-410,-357,
32952,-551,-486,-314,
32992,-563,-554,-269,
33033,-569,-599,-202,
33073,-579,-618,-133,
33113,-584,-612,-88,
33153,-588,-597,-57,
33193,-588,-580,-24,
33233,-589,-563,-8,
33273,-592,-545,4,
33313,-592,-526,12,
33353,-594,-513,17,
33393,-596,-483,29,
33433,-593,-456,43,
33473,-591,-439,57,
33513,-589,-445,58,
33553,-587,-431,65,
33593,-584,-420,61,
33633,-584,-401,65,
33673,-580,-375,69,
33713,-581,-339,55,
33753,-584,-332,34,
33793,-583,-327,32,
33833,-582,-317,31,
33873,-585,-313,-1,
33913,-588,-311,-29,
33953,-593,-322,-52,
33993,-593,-340,-64,
34034,-593,-351,-81,
34074,-596,-375,-100,
34114,-594,-396,-118,
34154,-591,-421,-140,
34194,-589,-446,-151,
34234,-584,-472,-162,
34274,-581,-493,-162,
34314,-578,-512,-159,
34354,-578,-522,-149,
34394,-573,-553,-137,
34434,-566,-574,-124,
34474,-565,-587,-114,
34514,-570,-580,-95,
34554,-568,-582,-76,
34594,-565,-591,-62,
34634,-558,-606,-41,
34674,-556,-613,-24,
34714,-551,-623,-11,
34754,-545,-619,27,
34794,-537,-605,74,
34834,-521,-598,115,
34874,-507,-606,137,
34914,-496,-590,166,
34954,-492,-525,205,
34994,-474,-422,246,
35035,-459,-357,261,
35075,-444,-312,271,
35115,-413,-234,272,
35155,-384,-149,255,
35195,-359,-78,221,
35235,-341,-37,196,
35275,-329,-4,169,
35315,-318,25,139,
35355,-307,48,110,
35395,-294,66,74,
35435,-282,83,49,
35475,-270,96,8,
35515,-260,108,-36,
35555,-249,114,-83,
35595,-238,113,-128,
35635,-221,112,-163,
35675,-207,105,-195,
35715,-230,93,-214,
35755,-237,84,-233,
35795,-220,77,-261,
35835,-216,50,-304,
35875,-199,10,-371,
35915,-186,-51,-429,
35955,-188,-109,-472,
35995,-204,-124,-474,
36036,-212,-170,-498,
36076,-195,-268,-529,
36116,-177,-366,-547,
36156,-159,-428,-552,
36196,-135,-590,-517,
36236,-106,-673,-482,
36276,-77,-701,-462,
36316,-43,-729,-435,
36356,-24,-751,-411,
36396,-12,-765,-396,
36436,0,-787,-369,
36476,8,-806,-344,
36516,7,-816,-331,
36556,10,-831,-308,
36596,0,-854,-280,
36636,-14,-884,-232,
36676,-32,-906,-175,
36716,-50,-920,-141,
36756,-66,-925,-108,
36796,-81,-930,-76,
36836,-103,-930,-21,
36876,-115,-907,63,
36916,-122,-886,122,
36956,-129,-860,169,
36996,-142,-837,202,
37037,-154,-818,221,
37077,-166,-783,255,
37117,-162,-739,294,
37157,-161,-697,320,
37197,-161,-599,365,
37237,-160,-545,384,
37277,-161,-524,387,
37317,-167,-496,394,
37357,-170,-467,398,
37397,-168,-449,397,
37437,-167,-416,399,
37477,-177,-376,401,
37517,-176,-348,400,
37557,-171,-315,398,
37597,-167,-283,393,
37637,-175,-257,388,
37677,-182,-241,380,
37717,-195,-220,372,
37757,-212,-190,358,
37797,-233,-133,328,
37837,-252,-78,293,
37877,-271,-30,244,
37917,-288,8,193,
37957,-306,47,124,
37997,-320,77,42,
38038,-328,84,-1,
38078,-337,87,-39,
38118,-333,90,-72,
38158,-338,88,-87,
38198,-351,81,-112,
38238,-358,69,-167,
38278,-361,48,-222,
38318,-365,23,-272,
38358,-366,3,-303,
38398,-371,-19,-336,
38438,-377,-51,-363,
38478,-380,-103,-408,
38518,-384,-221,-469,
38558,-385,-248,-477,
38598,-381,-274,-491,
38638,-375,-307,-502,
38678,-387,-334,-500,
38718,-384,-352,-504,
38758,-358,-372,-524,
38798,-354,-394,-530,
38838,-352,-414,-531,
38878,-355,-428,-524,
38918,-359,-452,-525,
38958,-382,-508,-504,
38998,-398,-571,-480,
39039,-415,-643,-439,
39079,-432,-676,-408,
39119,-444,-686,-387,
39159,-459,-704,-360,
39199,-480,-728,-301,
39239,-500,-741,-247,
39279,-507,-763,-209,
39319,-508,-774,-170,
39359,-522,-766,-133,
39399,-544,-736,-89,
39439,-553,-718,-44,
39479,-554,-705,1,
39519,-553,-692,38,
39559,-554,-678,57,
39599,-559,-655,78,
39639,-560,-628,106,
39679,-555,-595,144,
39719,-553,-519,195,
39759,-554,-482,202,
39799,-555,-464,199,
39839,-553,-439,206,
39879,-551,-414,205,
39919,-544,-383,212,
39959,-545,-354,215,
39999,-534,-330,223,
40040,-535,-308,217,
40080,-543,-294,202,
40120,-547,-276,189,
40160,-553,-260,169,
40200,-561,-245,137,
40240,-574,-243,107,
40280,-583,-250,85,
40320,-592,-250,60,
40360,-597,-260,43,
40400,-601,-272,22,
40440,-605,-277,0,
40480,-605,-282,-8,
40520,-607,-283,-10,
40560,-607,-288,-26,
40600,-612,-305,-40,
40640,-613,-305,-50,
40680,-612,-304,-66,
40720,-611,-315,-91,
40760,-612,-326,-115,
40800,-612,-338,-128,
40840,-610,-356,-147,
40880,-608,-369,-166,
40920,-608,-384,-170,
40960,-606,-393,-183,
41000,-604,-410,-191,
41040,-602,-434,-201,
41080,-599,-464,-195,
41120,-598,-498,-184,
41160,-593,-533,-180,
41200,-586,-569,-174,
41240,-578,-601,-157,
41280,-570,-631,-149,
41320,-561,-667,-130,
41360,-544,-699,-99,
41400,-529,-726,-43,
41440,-512,-745,4,
41480,-508,-742,40,
41520,-499,-733,79,
41560,-493,-709,126,
41600,-490,-660,178,
41640,-483,-640,203,
41680,-478,-627,217,
41720,-475,-581,253,
41760,-469,-534,269,
41800,-460,-548,273,
41840,-456,-536,280,
41880,-458,-503,284,
41920,-448,-481,301,
41960,-437,-459,310,
42000,-432,-433,318,
42041,-423,-407,325,
42081,-409,-379,335,
42121,-388,-348,349,
42161,-370,-327,353,
42201,-353,-291,354,
42241,-343,-243,349,
42281,-327,-189,337,
42321,-317,-132,310,
42361,-316,-81,277,
42401,-318,-43,247,
42441,-312,-20,226,
42481,-308,-4,210,
42521,-296,13,196,
42561,-289,31,175,
42601,-281,52,150,
42641,-265,72,119,
42681,-250,87,96,
42721,-244,102,72,
42761,-235,111,38,
42801,-235,121,-1,
42841,-245,122,-54,
42881,-260,117,-99,
42921,-276,104,-139,
42961,-283,95,-170,
43001,-279,84,-210,
43042,-286,60,-256,
43082,-286,42,-291,
43122,-283,20,-322,
43162,-293,-33,-375,
43202,-303,-73,-406,
43242,-303,-105,-429,
43282,-297,-141,-457,
43322,-288,-180,-478,
43362,-281,-232,-500,
43402,-280,-304,-516,
43442,-274,-338,-523,
43482,-267,-361,-528,
43522,-267,-400,-531,
43562,-268,-448,-530,
43602,-261,-517,-520,
43642,-261,-570,-505,
43682,-254,-604,-494,
43722,-245,-661,-470,
43762,-228,-712,-450,
43802,-211,-734,-439,
43842,-193,-768,-415,
43882,-171,-799,-385,
43922,-158,-825,-359,
43962,-137,-844,-333,
44002,-111,-859,-313,
44043,-99,-868,-293,
44083,-91,-870,-288,
44123,-78,-875,-279,
44163,-61,-878,-265,
44203,-65,-895,-234,
44243,-78,-913,-169,
44283,-90,-927,-106,
44323,-113,-928,-40,
44363,-129,-921,14,
44403,-153,-899,86,
44443,-178,-857,161,
44483,-182,-822,211,
44523,-170,-819,214,
44563,-180,-815,217,
44603,-192,-796,240,
44643,-198,-759,271,
44683,-196,-714,303,
44723,-197,-646,341,
44763,-199,-586,367,
44803,-197,-559,373,
44843,-198,-539,379,
44883,-205,-508,389,
44923,-198,-442,394,
44963,-162,-361,400,
45003,-136,-311,397,
45044,-122,-269,388,
45084,-110,-232,380,
45124,-93,-197,363,
45164,-89,-158,352,
45204,-85,-127,337,
45244,-80,-98,319,
45284,-76,-74,300,
45324,-64,-58,293,
45364,-62,-45,283,
45404,-55,-21,260,
45444,-54,0,243,
45484,-64,31,213,
45524,-81,61,174,
45564,-94,90,127,
45604,-116,116,69,
45644,-139,136,-3,
45684,-148,144,-61,
45724,-153,143,-86,
45764,-160,143,-100,
45804,-166,143,-115,
45844,-174,143,-132,
45884,-178,141,-144,
45924,-182,138,-155,
45964,-188,134,-178,
46004,-192,118,-225,
46045,-190,89,-291,
46085,-188,65,-328,
46125,-186,28,-376,
46165,-192,-1,-410,
46205,-201,-21,-427,
46245,-211,-42,-442,
46285,-213,-74,-466,
46325,-216,-109,-486,
46365,-220,-162,-515,
46405,-220,-229,-537,
46445,-223,-273,-550,
46485,-225,-311,-556,
46525,-234,-350,-558,
46565,-237,-381,-561,
46605,-244,-406,-557,
46645,-240,-432,-561,
46685,-247,-447,-556,
46725,-260,-465,-554,
46765,-270,-494,-549,
46805,-282,-529,-533,
46845,-296,-566,-521,
46885,-314,-609,-498,
46925,-327,-641,-480,
46965,-340,-663,-466,
47005,-355,-696,-439,
47046,-366,-725,-411,
47086,-376,-751,-385,
47126,-383,-781,-347,
47166,-385,-798,-327,
47206,-388,-825,-284,
47246,-399,-842,-239,
47286,-417,-849,-189,
47326,-428,-852,-109,
47366,-439,-849,-60,
47406,-454,-830,-18,
47446,-459,-803,57,
47486,-459,-771,123,
47526,-462,-727,173,
47566,-473,-694,196,
47606,-476,-659,215,
47646,-481,-633,227,
47686,-486,-605,238,
47726,-493,-573,246,
47766,-499,-547,245,
47806,-507,-518,245,
47846,-510,-493,245,
47886,-511,-466,250,
47926,-508,-433,260,
47966,-503,-400,262,
48006,-499,-364,267,
48047,-498,-325,263,
48087,-498,-273,244,
48127,-501,-234,227,
48167,-501,-219,218,
48207,-494,-215,227,
48247,-483,-209,244,
48287,-461,-206,262,
48327,-432,-192,287,
48367,-409,-185,305,
48407,-392,-182,315,
48447,-381,-171,320,
48487,-373,-166,321,
48527,-369,-161,322,
48567,-363,-154,322,
48607,-366,-144,314,
48647,-379,-135,304,
48687,-382,-132,296,
48727,-375,-122,300,
48767,-371,-118,301,
48807,-386,-111,287,
48847,-384,-103,281,
48887,-366,-97,295,
48927,-347,-94,304,
48967,-323,-99,321,
49007,-285,-109,348,
49048,-238,-114,362,
49088,-209,-119,373,
49128,-148,-115,380,
49168,-88,-104,371,
49208,-16,-81,342,
49248,60,-55,292,
49288,130,-9,200,
49328,184,19,85,
49368,189,45,-37,
49408,184,51,-97,
49448,176,45,-172,
49488,154,35,-250,
49528,150,31,-260,
49568,135,7,-319,
49608,113,-16,-366,
49648,97,-20,-384,
49688,5,-67,-469,
49728,-65,-142,-529,
49768,-103,-158,-534,
49808,-155,-198,-547,
49848,-193,-220,-551,
49888,-230,-209,-536,
49928,-265,-214,-527,
49968,-309,-225,-513,
50008,-315,-235,-514,
50049,-329,-248,-509,
50089,-356,-275,-503,
50129,-415,-321,-467,
50169,-475,-361,-413,
50209,-521,-396,-358,
50249,-565,-427,-280,
50289,-595,-454,-187,
50329,-606,-458,-88,
50369,-600,-455,3,
50409,-581,-446,90,
50449,-543,-420,177,
50489,-485,-414,261,
50529,-440,-408,306,
50569,-397,-411,336,
50609,-381,-413,344,
50649,-364,-419,360,
50689,-322,-423,381,
50729,-274,-422,401,
50769,-221,-420,413,
50809,-173,-415,420,
50849,-120,-392,418,
50889,-63,-380,416,
50929,-24,-365,407,
50969,12,-338,390,
51009,52,-296,370,
51050,87,-234,340,
51090,118,-187,302,
51130,146,-136,256,
51170,162,-83,199,
51210,181,-49,135,
51250,187,-29,91,
51290,196,-15,32,
51330,195,-1,-15,
51370,180,19,-105,
51410,146,32,-192,
51450,94,41,-262,
51490,59,40,-301,
51530,-5,40,-341,
51570,-60,34,-365,
51610,-93,32,-377,
51650,-162,26,-379,
51690,-219,17,-376,
51730,-245,13,-369,
51770,-265,3,-368,
51810,-282,-2,-370,
51850,-307,-7,-357,
51890,-323,-13,-347,
51930,-341,-20,-339,
51970,-353,-26,-335,
52010,-358,-27,-333,
52051,-363,-22,-316,
52091,-369,-21,-308,
52131,-383,-26,-295,
52171,-409,-27,-259,
52211,-421,-18,-216,
52251,-434,-18,-187,
52291,-441,-20,-153,
52331,-449,-21,-124,
52371,-452,-20,-85,
52411,-456,-25,-72,
52451,-448,-19,-51,
52491,-440,-17,2,
52531,-419,-14,60,
52571,-373,-10,140,
52611,-314,-6,187,
52651,-253,-12,226,
52691,-195,-26,259,
52731,-144,-41,282,
52771,-121,-59,292,
52811,-106,-69,302,
52851,-77,-78,305,
52891,-45,-97,310,
52931,9,-115,300,
52971,61,-113,278,
53011,95,-109,254,
53052,128,-102,217,
53092,163,-100,172,
53132,211,-109,106,
53172,239,-120,48,
53212,257,-128,1,
53252,265,-132,-65,
53292,253,-130,-168,
53332,244,-147,-230,
53372,223,-155,-283,
53412,187,-161,-342,
53452,161,-179,-381,
53492,124,-204,-427,
53532,88,-231,-468,
53572,35,-255,-499,
53612,-54,-289,-534,
53652,-141,-300,-540,
53692,-219,-324,-534,
53732,-266,-359,-527,
53772,-327,-377,-500,
53812,-392,-394,-463,
53852,-416,-416,-451,
53892,-451,-439,-414,
53932,-478,-449,-378,
53972,-497,-444,-355,
54012,-512,-454,-335,
54053,-531,-464,-295,
54093,-549,-456,-259,
54133,-561,-447,-231,
54173,-569,-449,-207,
54213,-574,-449,-188,
54253,-576,-440,-171,
54293,-583,-439,-131,
54333,-585,-441,-82,
54373,-585,-444,-32,
54413,-576,-448,29,
54453,-563,-451,75,
54493,-541,-453,127,
54533,-523,-447,172,
54573,-497,-445,211,
54613,-449,-431,271,
54653,-394,-416,316,
54693,-344,-424,346,
54733,-292,-425,368,
54773,-239,-427,389,
54813,-178,-439,398,
54853,-120,-461,397,
54893,-48,-472,389,
54933,12,-486,369,
54973,72,-493,341,
55013,112,-502,313,
55054,139,-520,290,
55094,159,-538,262,
55134,175,-556,247,
55174,187,-566,228,
55214,203,-565,208,
55254,225,-565,181,
55294,251,-555,134,
55334,275,-564,81,
55374,289,-567,31,
55414,290,-589,-12,
55454,284,-609,-39,
55494,281,-626,-67,
55534,271,-642,-100,
55574,262,-655,-131,
55614,250,-671,-155,
55654,237,-683,-184,
55694,210,-699,-237,
55734,200,-697,-262,
55774,188,-685,-297,
55814,184,-676,-317,
55854,159,-647,-369,
55894,142,-642,-394,
55934,124,-645,-408,
55974,76,-644,-445,
56014,43,-639,-467,
56055,-11,-627,-494,
56095,-55,-628,-505,
56135,-94,-636,-506,
56175,-143,-644,-505,
56215,-176,-648,-506,
56255,-224,-645,-498,
56295,-266,-635,-493,
56335,-285,-621,-489,
56375,-297,-611,-485,
56415,-325,-599,-481,
56455,-341,-583,-479,
56495,-360,-561,-476,
56535,-384,-553,-465,
56575,-417,-549,-439,
56615,-461,-549,-399,
56655,-496,-556,-358,
56695,-519,-564,-311,
56735,-541,-596,-253,
56775,-546,-633,-202,
56815,-548,-661,-154,
56855,-542,-685,-103,
56895,-530,-708,-53,
56935,-520,-706,38,
56975,-496,-712,102,
57015,-469,-714,149,
57056,-437,-707,202,
57096,-402,-704,235,
57136,-373,-709,260,
57176,-341,-714,279,
57216,-327,-714,290,
57256,-308,-720,291,
57296,-301,-728,292,
57336,-281,-726,304,
57376,-250,-714,321,
57416,-223,-693,345,
57456,-182,-673,361,
57496,-122,-657,373,
57536,-84,-639,380,
57576,-60,-614,384,
57616,-41,-587,395,
57656,-15,-556,392,
57696,53,-478,384,
57736,113,-417,359,
57776,193,-360,295,
57816,246,-318,235,
57856,272,-298,189,
57896,302,-266,111,
57936,313,-239,61,
57976,319,-216,21,
58016,318,-194,-42,
58057,310,-173,-135,
58097,293,-172,-212,
58137,255,-182,-312,
58177,201,-194,-390,
58217,170,-187,-418,
58257,128,-177,-446,
58297,54,-153,-485,
58337,8,-139,-489,
58377,-19,-129,-496,
58417,-65,-113,-495,
58457,-107,-91,-488,
58497,-127,-74,-479,
58537,-140,-78,-475,
58577,-161,-80,-474,
58617,-175,-68,-464,
58657,-185,-58,-457,
58697,-215,-55,-447,
58737,-254,-46,-425,
58777,-283,-40,-409,
58817,-311,-51,-404,
58857,-342,-68,-392,
58897,-355,-78,-386,
58937,-380,-95,-378,
58977,-419,-114,-359,
59017,-450,-132,-334,
59058,-490,-149,-291,
59098,-522,-162,-226,
59138,-541,-162,-161,
59178,-548,-162,-76,
59218,-538,-150,-7,
59258,-523,-136,35,
59298,-501,-124,81,
59338,-486,-120,111,
59378,-470,-111,137,
59418,-448,-103,155,
59458,-426,-97,177,
59498,-407,-96,202,
59538,-386,-94,223,
59578,-364,-90,234,
59618,-343,-97,255,
59658,-313,-101,280,
59698,-262,-93,297,
59738,-212,-91,312,
59778,-140,-84,317,
59818,-76,-64,297,
59858,-21,-53,279,
59898,20,-12,224,
59938,63,43,113,
59978,91,58,37,
60018,103,66,-35,
60059,105,61,-116,
60099,110,47,-173,
60139,98,35,-230,
60179,65,17,-298,
60219,18,7,-349,
60259,-42,-10,-395,
60299,-109,-37,-428,
60339,-173,-49,-431,
60379,-242,-56,-422,
60419,-308,-59,-389,
60459,-345,-62,-367,
60499,-373,-69,-351,
60539,-412,-85,-323,
60579,-442,-92,-286,
60619,-464,-86,-242,
60659,-480,-82,-190,
60699,-492,-86,-148,
60739,-501,-91,-110,
60779,-494,-76,-84,
60819,-484,-63,-58,
60859,-482,-64,-30,
60899,-475,-64,0,
60939,-453,-52,43,
60979,-447,-64,87,
61019,-436,-75,127,
61060,-402,-65,163,
61100,-364,-62,194,
61140,-326,-52,219,
61180,-282,-38,233,
61220,-218,-22,242,
61260,-165,-17,252,
61300,-118,-19,256,
61340,-83,-18,250,
61380,-52,-11,236,
61420,-12,0,207,
61460,1,4,199,
61500,18,-22,218,
61540,26,-58,248,
61580,47,-91,259,
61620,102,-131,249,
61660,122,-139,239,
61700,131,-131,228,
61740,149,-133,209,
61780,171,-131,175,
61820,194,-130,146,
61860,214,-145,127,
61900,229,-166,120,
61940,248,-190,102,
61980,266,-218,79,
62020,290,-248,20,
62061,304,-277,-26,
62101,308,-300,-46,
62141,313,-312,-62,
62181,313,-326,-68,
62221,314,-334,-104,
62261,312,-348,-135,
62301,308,-362,-143,
62341,308,-381,-160,
62381,306,-392,-182,
62421,297,-397,-208,
62461,280,-400,-258,
62501,252,-377,-318,
62541,219,-367,-367,
62581,196,-382,-387,
62621,156,-372,-434,
62661,93,-372,-478,
62701,33,-379,-507,
62741,-37,-402,-528,
62781,-113,-421,-538,
62821,-187,-461,-534,
62861,-235,-490,-522,
62901,-270,-499,-508,
62941,-334,-520,-478,
62981,-352,-519,-467,
63021,-364,-514,-464,
63062,-368,-509,-461,
63102,-385,-508,-450,
63142,-420,-504,-421,
63182,-446,-509,-394,
63222,-459,-517,-379,
63262,-482,-514,-352,
63302,-503,-496,-322,
63342,-527,-477,-291,
63382,-563,-455,-206,
63422,-581,-443,-105,
63462,-581,-460,-20,
63502,-549,-486,96,
63542,-511,-508,175,
63582,-488,-510,206,
63622,-449,-525,250,
63662,-407,-533,287,
63702,-367,-530,321,
63742,-304,-539,353,
63782,-250,-557,369,
63822,-195,-575,375,
63862,-128,-574,382,
63902,-63,-553,380,
63942,-12,-515,382,
63982,35,-466,369,
64022,66,-439,357,
64063,89,-422,351,
64103,125,-411,327,
64143,148,-396,310,
64183,170,-368,295,
64223,204,-344,259,
64263,254,-325,190,
64303,291,-320,115,
64343,319,-325,32,
64383,327,-326,-40,
64423,330,-335,-71,
64463,328,-334,-120,
64503,321,-318,-160,
64543,314,-325,-200,
64583,287,-326,-273,
64623,239,-363,-367,
64663,173,-427,-439,
64703,97,-485,-488,
64743,31,-530,-512,
64783,36,-545,-503,
64823,-1,-555,-519,
64863,-35,-565,-523,
64903,-64,-578,-528,
64943,-103,-578,-531,
64983,-158,-559,-536,
65023,-181,-543,-540,
65064,-188,-539,-540,
65104,-215,-536,-539,
65144,-246,-510,-534,
65184,-291,-454,-528,
65224,-324,-388,-517,
65264,-344,-358,-507,
65304,-382,-375,-482,
65344,-422,-383,-455,
65384,-469,-357,-405,
65424,-542,-360,-305,
65464,-577,-371,-234,
65504,-595,-381,-164,
65544,-605,-373,-108,
65584,-605,-352,-44,
65624,-594,-326,13,
65664,-582,-291,57,
65704,-554,-270,129,
65744,-510,-270,211,
65784,-478,-263,249,
65824,-454,-253,271,
65864,-394,-289,331,
65904,-335,-329,373,
65944,-323,-302,376,
65984,-294,-277,385,
66024,-237,-272,398,
66065,-182,-254,403,
66105,-134,-240,402,
66145,-66,-246,398,
66185,-4,-227,379,
66225,46,-202,350,
66265,104,-167,304,
66305,157,-146,248,
66345,210,-169,203,
66385,251,-158,129,
66425,264,-127,69,
66465,282,-125,-29,
66505,293,-164,-160,
66545,276,-201,-267,
66585,241,-231,-349,
66625,213,-273,-398,
66665,158,-326,-463,
66705,129,-311,-481,
66745,125,-301,-486,
66785,95,-297,-503,
66825,78,-293,-514,
66865,49,-263,-518,
66905,32,-235,-520,
66945,13,-230,-521,
66985,-7,-227,-530,
67025,-36,-220,-535,
67066,-49,-219,-539,
67106,-76,-224,-546,
67146,-136,-194,-539,
67186,-177,-165,-526,
67226,-205,-143,-513,
67266,-268,-108,-476,
67306,-332,-82,-426,
67346,-405,-28,-314,
67386,-432,1,-220,
67426,-443,22,-135,
67466,-424,41,-56,
67506,-394,54,21,
67546,-359,54,98,
67586,-319,51,149,
67626,-260,39,207,
67666,-207,27,244,
67706,-165,10,269,
67746,-132,4,275,
67786,-108,16,260,
67826,-80,26,246,
67866,-47,43,222,
67906,-16,56,186,
67946,3,73,152,
67986,-19,89,135,
68026,-60,113,109,
68067,-102,114,116,
68107,-105,111,117,
68147,-83,116,102,
68187,-53,107,110,
68227,-24,86,137,
68267,-5,83,131,
68307,17,89,96,
68347,43,98,44,
68387,78,93,-48,
68427,82,83,-149,
68467,68,67,-223,
68507,42,44,-299,
68547,18,42,-317,
68587,-4,51,-310,
68627,-30,58,-316,
68667,-53,61,-315,
68707,-83,61,-320,
68747,-110,63,-324,
68787,-129,59,-323,
68827,-151,58,-328,
68867,-180,72,-301,
68907,-212,91,-253,
68947,-235,88,-236,
68987,-285,77,-221,
69027,-342,48,-215,
69068,-379,37,-171,
69108,-391,39,-77,
69148,-379,41,14,
69188,-355,37,82,
69228,-301,36,146,
69268,-208,33,195,
69308,-109,15,232,
69348,-12,-38,254,
69388,74,-94,256,
69428,132,-169,259,
69468,181,-243,248,
69508,217,-279,215,
69548,235,-280,193,
69588,247,-276,172,
69628,262,-284,151,
69668,277,-264,106,
69708,297,-281,66,
69748,309,-305,18,
69788,320,-322,-42,
69828,322,-325,-83,
69868,322,-321,-98,
69908,315,-313,-137,
69948,313,-324,-162,
69988,303,-329,-203,
70028,287,-257,-223,
70069,258,-193,-241,
70109,246,-182,-264,
70149,214,-170,-309,
70189,178,-142,-341,
70229,122,-118,-382,
70269,62,-107,-415,
70309,-18,-92,-446,
70349,-135,-92,-462,
70389,-216,-89,-447,
70429,-277,-106,-434,
70469,-328,-119,-418,
70509,-371,-135,-397,
70549,-416,-150,-366,
70589,-443,-163,-338,
70629,-468,-181,-318,
70669,-482,-189,-302,
70709,-502,-212,-287,
70749,-519,-237,-268,
70789,-542,-256,-232,
70829,-556,-280,-191,
70869,-567,-286,-158,
70909,-572,-279,-112,
70949,-568,-250,-72,
70989,-559,-228,-52,
71029,-552,-208,-26,
71070,-519,-150,21,
71110,-477,-91,43,
71150,-428,-28,50,
71190,-368,22,59,
71230,-319,45,81,
71270,-231,83,86,
71310,-168,88,96,
71350,-115,82,115,
71390,-68,73,122,
71430,-18,75,95,
71470,6,70,85,
71510,17,60,94,
71550,28,63,75,
71590,59,69,9,
71630,82,63,-32,
71670,95,57,-49,
71710,99,52,-67,
71750,104,50,-101,
71790,100,43,-139,
71830,111,31,-172,
71870,120,13,-203,
71910,122,-6,-242,
71950,122,-23,-270,
71990,125,-43,-291,
72030,122,-49,-305,
72071,124,-48,-304,
72111,127,-59,-309,
72151,134,-75,-324,
72191,141,-90,-329,
72231,120,-115,-367,
72271,40,-172,-456,
72311,-88,-246,-521,
72351,-232,-337,-525,
72391,-324,-424,-496,
72431,-376,-465,-463,
72471,-382,-479,-459,
72511,-404,-491,-439,
72551,-478,-507,-358,
72591,-492,-520,-335,
72631,-497,-537,-323,
72671,-526,-528,-271,
72711,-555,-511,-206,
72751,-569,-498,-149,
72791,-575,-500,-123,
72831,-573,-531,-68,
72871,-566,-547,-24,
72911,-563,-542,6,
72951,-546,-542,73,
72991,-497,-540,181,
73031,-412,-534,282,
73072,-324,-529,338,
73112,-267,-539,362,
73152,-186,-566,373,
73192,-96,-577,369,
73232,-23,-577,358,
73272,39,-573,334,
73312,104,-553,303,
73352,159,-540,266,
73392,213,-513,219,
73432,243,-489,189,
73472,254,-488,169,
73512,254,-485,170,
73552,262,-489,161,
73592,259,-488,162,
73632,265,-466,160,
73672,281,-432,142,
73712,297,-397,107,
73752,318,-358,36,
73792,328,-339,-31,
73832,331,-335,-111,
73872,324,-340,-177,
73912,283,-358,-302,
73952,223,-375,-395,
73992,128,-428,-483,
74032,27,-498,-528,
74073,-42,-538,-544,
74113,-174,-567,-548,
74153,-254,-572,-531,
74193,-260,-599,-523,
74233,-300,-643,-488,
74273,-334,-674,-462,
74313,-375,-717,-410,
74353,-402,-743,-368,
74393,-425,-760,-331,
74433,-428,-783,-293,
74473,-427,-802,-271,
74513,-421,-812,-257,
74553,-428,-822,-231,
74593,-436,-818,-224,
74633,-463,-764,-264,
74673,-525,-675,-251,
74713,-564,-653,-150,
74753,-573,-632,1,
74793,-572,-605,58,
74833,-556,-577,127,
74873,-538,-543,181,
74913,-505,-503,240,
74953,-459,-470,296,
74993,-420,-450,332,
75033,-393,-443,350,
75074,-366,-440,365,
75114,-327,-445,382,
75154,-275,-428,404,
75194,-231,-398,419,
75234,-198,-353,419,
75274,-111,-302,418,
75314,-26,-237,389,
75354,25,-211,367,
75394,69,-218,346,
75434,81,-245,348,
75474,104,-252,337,
75514,146,-296,322,
75554,191,-338,284,
75594,266,-343,198,
75634,321,-337,57,
75674,339,-327,-104,
75714,311,-318,-245,
75754,271,-317,-331,
75794,236,-310,-383,
75834,176,-317,-446,
75874,139,-300,-473,
75914,106,-281,-491,
75954,71,-281,-510,
75994,27,-283,-529,
76034,3,-279,-535,
76075,-15,-275,-541,
76115,-38,-268,-546,
76155,-100,-235,-542,
76195,-155,-150,-511,
76235,-185,-39,-441,
76275,-216,25,-366,
76315,-278,99,-203,
76355,-314,103,-82,
76395,-314,87,43,
76435,-270,74,125,
76475,-221,60,177,
76515,-161,42,213,
76555,-96,12,250,
76595,-57,-10,262,
76635,-25,-12,259,
76675,26,-20,241,
76715,80,-31,215,
76755,122,-40,181,
76795,154,-38,143,
76835,178,-39,108,
76875,182,-28,86,
76915,183,-15,55,
76955,190,-6,6,
76995,188,-5,-4,
77035,195,-6,-31,
77076,215,-25,-72,
77116,227,-45,-93,
77156,234,-67,-147,
77196,211,-64,-221,
77236,159,-62,-311,
77276,30,-44,-399,
77316,-53,-56,-440,
77356,-110,-65,-456,
77396,-189,-58,-441,
77436,-272,-58,-413,
77476,-324,-53,-380,
77516,-373,-57,-341,
77556,-408,-65,-303,
77596,-445,-78,-264,
77636,-476,-94,-223,
77676,-501,-107,-167,
77716,-517,-118,-101,
77756,-518,-121,-56,
77796,-504,-118,24,
77836,-456,-123,151,
77876,-382,-138,250,
77916,-307,-131,293,
77956,-169,-124,330,
77996,-77,-123,326,
78036,24,-125,298,
78077,97,-121,249,
78117,159,-95,167,
78157,187,-81,105,
78197,200,-85,90,
78237,220,-94,58,
78277,233,-115,51,
78317,248,-133,32,
78357,256,-126,-27,
78397,231,-86,-94,
78437,217,-76,-162,
78477,192,-71,-225,
78517,158,-78,-296,
78557,115,-118,-376,
78597,51,-176,-455,
78637,-30,-190,-488,
78677,-96,-196,-502,
78717,-178,-239,-516,
78757,-265,-314,-513,
78797,-328,-375,-494,
78837,-378,-441,-463,
78877,-411,-481,-436,
78917,-429,-513,-408,
78957,-449,-540,-384,
78997,-471,-558,-350,
79037,-491,-563,-316,
79078,-503,-580,-290,
79118,-509,-602,-260,
79158,-519,-610,-235,
79198,-526,-601,-225,
79238,-528,-618,-196,
79278,-528,-636,-167,
79318,-531,-647,-133,
79358,-524,-670,-103,
79398,-522,-674,-76,
79438,-531,-656,-27,
79478,-519,-643,48,
79518,-470,-646,156,
79558,-413,-667,214,
79598,-410,-669,217,
79638,-380,-677,244,
79678,-346,-684,264,
79718,-270,-667,316,
79758,-183,-656,345,
79798,-143,-666,342,
79838,-83,-675,336,
79878,-9,-661,323,
79918,47,-647,310,
79958,114,-616,282,
79998,144,-586,272,
80038,152,-569,272,
80079,160,-570,269,
80119,152,-570,278,
80159,166,-547,274,
80199,174,-523,275,
80239,190,-514,262,
80279,204,-510,252,
80319,220,-517,232,
80359,261,-540,164,
80399,303,-537,72,
80439,319,-524,19,
80479,326,-525,-38,
80519,326,-528,-104,
80559,317,-545,-158,
80599,293,-546,-247,
80639,262,-554,-311,
80679,225,-583,-359,
80719,169,-617,-407,
80759,65,-670,-456,
80799,-67,-732,-470,
80839,-120,-765,-453,
80879,-180,-791,-432,
80919,-207,-804,-418,
80959,-228,-821,-397,
80999,-246,-837,-373,
81039,-255,-848,-362,
81080,-265,-844,-362,
81120,-265,-839,-364,
81160,-262,-845,-361,
81200,-259,-851,-353,
81240,-272,-850,-349,
81280,-301,-831,-353,
81320,-362,-786,-364,
81360,-434,-723,-352,
81400,-524,-654,-278,
81440,-571,-629,-164,
81480,-587,-608,-106,
81520,-592,-583,-34,
81560,-589,-552,38,
81600,-579,-514,103,
81640,-547,-470,180,
81680,-523,-440,224,
81720,-496,-422,257,
81760,-462,-406,294,
81800,-422,-364,326,
81840,-377,-332,351,
81880,-322,-315,380,
81920,-325,-319,376,
81960,-319,-304,380,
82000,-283,-316,389,
82040,-232,-324,408,
82081,-206,-305,410,
82121,-150,-302,415,
82161,-77,-302,408,
82201,35,-338,382,
82241,120,-382,345,
82281,169,-411,302,
82321,240,-430,223,
82361,284,-432,157,
82401,319,-435,61,
82441,336,-440,-51,
82481,319,-449,-204,
82521,287,-449,-294,
82561,250,-460,-354,
82601,201,-476,-414,
82641,147,-465,-465,
82681,89,-468,-502,
82721,39,-470,-522,
82761,4,-472,-536,
82801,-21,-482,-543,
82841,-60,-473,-546,
82881,-108,-458,-558,
82921,-138,-438,-561,
82961,-176,-386,-554,
83001,-251,-233,-514,
83041,-341,-81,-387,
83081,-414,-27,-253,
83121,-446,-11,-119,
83161,-437,-6,-6,
83201,-404,-14,107,
83241,-358,-19,172,
83281,-306,-20,215,
83321,-260,-7,225,
83361,-236,-9,237,
83401,-211,-13,255,
83441,-165,-7,257,
83481,-117,-2,253,
83521,-76,9,237,
83561,-39,24,209,
83601,-19,43,175,
83641,-14,57,155,
83681,1,66,131,
83721,38,77,75,
83761,67,77,23,
83801,77,68,37,
83841,111,44,42,
83881,143,26,6,
83921,171,6,-10,
83961,196,-13,-63,
84001,202,-30,-123,
84041,180,-38,-225,
84082,124,-53,-327,
84122,51,-79,-407,
84162,-59,-102,-463,
84202,-154,-126,-479,
84242,-194,-136,-482,
84282,-257,-136,-463,
84322,-318,-149,-442,
84362,-362,-158,-418,
84402,-403,-179,-395,
84442,-438,-190,-365,
84482,-463,-199,-336,
84522,-483,-198,-308,
84562,-490,-194,-290,
84602,-482,-181,-298,
84642,-496,-182,-270,
84682,-516,-186,-222,
84722,-529,-189,-187,
84762,-523,-175,-181,
84802,-512,-148,-175,
84842,-510,-128,-135,
84882,-493,-95,-48,
84922,-468,-102,79,
84962,-411,-135,209,
85002,-347,-160,279,
85042,-282,-181,323,
85083,-190,-210,362,
85123,-126,-237,378,
85163,-76,-270,378,
85203,-39,-305,378,
85243,-8,-350,370,
85283,39,-397,358,
85323,116,-440,314,
85363,191,-479,234,
85403,223,-504,187,
85443,249,-541,132,
85483,265,-565,76,
85523,253,-568,106,
85563,255,-580,95,
85603,279,-575,17,
85643,294,-549,-47,
85683,297,-511,-157,
85723,285,-470,-231,
85763,270,-445,-272,
85803,246,-444,-318,
85843,212,-480,-366,
85883,172,-483,-408,
85923,92,-471,-472,
85963,10,-487,-511,
86003,-70,-521,-521,
86043,-140,-553,-520,
86084,-221,-576,-503,
86124,-285,-595,-480,
86164,-317,-607,-456,
86204,-338,-610,-445,
86244,-363,-617,-429,
86284,-386,-623,-407,
86324,-397,-639,-393,
86364,-415,-646,-370,
86404,-438,-640,-345,
86444,-472,-643,-295,
86484,-489,-667,-237,
86524,-502,-676,-198,
86564,-523,-666,-51,
86604,-496,-651,102,
86644,-490,-644,125,
86684,-459,-646,178,
86724,-407,-673,226,
86764,-355,-688,256,
86804,-304,-703,279,
86844,-292,-697,291,
86884,-274,-684,308,
86924,-237,-680,320,
86964,-209,-677,331,
87004,-184,-666,343,
87044,-146,-665,344,
87085,-111,-659,351,
87125,-81,-655,353,
87165,-73,-642,359,
87205,-47,-629,358,
87245,-4,-624,350,
87285,11,-612,352,
87325,40,-606,341,
87365,61,-591,337,
87405,78,-604,323,
87445,76,-669,291,
87485,59,-797,194,
87525,48,-863,112,
87565,46,-873,95,
87605,71,-866,77,
87645,117,-849,39,
87685,133,-837,32,
87725,149,-833,-5,
87765,162,-828,-30,
87805,176,-812,-59,
87845,199,-788,-122,
87885,200,-761,-214,
87925,201,-720,-277,
87965,201,-685,-315,
88005,140,-687,-391,
88045,41,-694,-456,
88086,-22,-704,-476,
88126,-84,-710,-482,
88166,-124,-746,-463,
88206,-161,-760,-457,
88246,-187,-756,-453,
88286,-217,-778,-432,
88326,-221,-785,-421,
88366,-225,-788,-417,
88406,-238,-782,-415,
88446,-262,-798,-392,
88486,-294,-792,-381,
88526,-336,-770,-382,
88566,-461,-669,-343,
88606,-542,-640,-220,
88646,-585,-597,-88,
88686,-586,-545,37,
88726,-563,-500,132,
88766,-534,-479,197,
88806,-492,-473,258,
88846,-452,-447,297,
88886,-425,-424,322,
88926,-361,-400,367,
88966,-264,-374,407,
89006,-193,-367,421,
89046,-164,-347,422,
89087,-150,-325,421,
89127,-131,-326,421,
89167,-112,-319,420,
89207,-107,-347,424,
89247,-88,-361,419,
89287,-73,-353,421,
89327,-63,-349,421,
89367,-34,-346,410,
89407,28,-348,393,
89447,119,-342,341,
89487,212,-344,262,
89527,276,-335,176,
89567,322,-307,48,
89607,333,-273,-102,
89647,301,-291,-253,
89687,214,-338,-409,
89727,156,-330,-462,
89767,98,-338,-506,
89807,52,-354,-529,
89847,24,-344,-537,
89887,-9,-306,-543,
89927,-47,-285,-549,
89967,-84,-227,-539,
90007,-142,-138,-504,
90047,-175,-117,-492,
90088,-184,-111,-492,
90128,-226,-112,-480,
90168,-301,-112,-451,
90208,-381,-153,-426,
90248,-497,-201,-326,
90288,-560,-201,-183,
90328,-566,-179,-90,
90368,-541,-150,34,
90408,-489,-110,131,
90448,-407,-56,191,
90488,-334,-13,214,
90528,-313,6,205,
90568,-310,25,188,
90608,-276,39,192,
90648,-256,40,206,
90688,-239,49,198,
90728,-225,59,194,
90768,-219,63,186,
90808,-202,63,192,
90848,-181,68,192,
90888,-164,78,179,
90928,-137,85,173,
90968,-111,80,175,
91008,-104,74,183,
91048,-99,66,190,
91089,-93,75,179,
91129,-78,76,174,
91169,-41,72,166,
91209,-13,85,130,
91249,9,107,55,
91289,30,114,-15,
91329,6,124,-65,
91369,-28,129,-142,
91409,-61,112,-227,
91449,-118,77,-303,
91489,-206,40,-344,
91529,-236,8,-365,
91569,-268,-6,-369,
91609,-290,-23,-369,
91649,-308,-31,-368,
91689,-328,-37,-354,
91729,-357,-41,-334,
91769,-381,-21,-283,
91809,-392,9,-196,
91849,-399,12,-151,
91889,-418,-5,-158,
91929,-444,-25,-126,
91969,-472,-53,-66,
92009,-488,-78,-43,
92049,-484,-87,20,
92090,-451,-93,115,
92130,-410,-100,186,
92170,-373,-92,214,
92210,-315,-91,258,
92250,-254,-90,287,
92290,-174,-83,300,
92330,-99,-83,301,
92370,-18,-90,292,
92410,61,-111,263,
92450,123,-117,229,
92490,168,-123,178,
92530,218,-150,128,
92570,249,-168,78,
92610,262,-174,42,
92650,276,-177,-8,
92690,281,-182,-43,
92730,280,-181,-91,
92770,278,-188,-142,
92810,276,-204,-189,
92850,257,-226,-261,
92890,204,-225,-349,
92930,133,-242,-425,
92970,62,-238,-473,
93010,-13,-250,-511,
93050,-75,-280,-528,
93091,-147,-301,-533,
93131,-240,-347,-525,
93171,-348,-399,-486,
93211,-409,-430,-444,
93251,-460,-452,-393,
93291,-485,-478,-362,
93331,-509,-495,-321,
93371,-520,-505,-296,
93411,-526,-520,-276,
93451,-528,-534,-272,
93491,-532,-546,-257,
93531,-539,-546,-235,
93571,-546,-538,-223,
93611,-557,-528,-197,
93651,-564,-553,-131,
93691,-562,-579,-77,
93731,-562,-586,-50,
93771,-553,-584,15,
93811,-516,-600,123,
93851,-464,-598,205,
93891,-417,-588,266,
93931,-345,-594,315,
93971,-268,-598,348,
94011,-153,-594,368,
94051,-75,-592,372,
94092,-17,-604,351,
94132,27,-596,340,
94172,50,-555,343,
94212,84,-539,332,
94252,98,-509,328,
94292,147,-502,295,
94332,189,-513,258,
94372,219,-513,224,
94412,236,-514,197,
94452,266,-516,152,
94492,293,-511,90,
94532,316,-508,3,
94572,325,-505,-94,
94612,315,-502,-171,
94652,306,-498,-216,
94692,270,-481,-306,
94732,233,-465,-369,
94772,184,-482,-424,
94812,95,-531,-483,
94852,-62,-614,-518,
94892,-121,-663,-502,
94932,-158,-695,-487,
94972,-172,-713,-476,
95012,-177,-739,-459,
95052,-182,-752,-448,
95093,-191,-769,-437,
95133,-204,-779,-425,
95173,-196,-788,-421,
95213,-200,-802,-404,
95253,-218,-814,-393,
95293,-234,-823,-378,
95333,-243,-820,-376,
95373,-267,-825,-362,
95413,-302,-795,-379,
95453,-327,-762,-394,
95493,-423,-638,-402,
95533,-546,-546,-291,
95573,-592,-548,-149,
95613,-588,-563,17,
95653,-567,-577,83,
95693,-555,-571,122,
95733,-543,-544,159,
95773,-527,-526,194,
95813,-500,-494,245,
95853,-442,-466,307,
95893,-379,-446,357,
95933,-305,-436,393,
95973,-238,-430,415,
96013,-190,-404,421,
96053,-155,-361,426,
96094,-133,-319,418,
96134,-125,-313,422,
96174,-120,-325,423,
96214,-106,-377,424,
96254,-39,-470,412,
96294,47,-460,382,
96334,145,-440,322,
96374,221,-378,254,
96414,260,-340,200,
96454,303,-331,109,
96494,331,-317,-5,
96534,331,-311,-155,
96574,279,-327,-309,
96614,226,-346,-394,
96654,176,-388,-447,
96694,131,-411,-485,
96734,113,-439,-493,
96774,104,-457,-498,
96814,87,-444,-510,
96854,81,-410,-514,
96894,72,-373,-518,
96934,53,-356,-524,
96974,-1,-364,-546,
97014,-81,-316,-556,
97054,-212,-159,-502,
97095,-319,-80,-419,
97135,-404,-53,-324,
97175,-462,-20,-150,
97215,-462,-9,-43,
97255,-455,-12,22,
97295,-425,-22,119,
97335,-389,-11,151,
97375,-367,7,150,
97415,-330,10,182,
97455,-285,23,203,
97495,-255,27,218,
97535,-216,41,211,
97575,-189,67,188,
97615,-170,90,159,
97655,-148,97,146,
97695,-140,105,131,
97735,-141,119,111,
97775,-149,119,100,
97815,-134,123,94,
97855,-111,128,77,
97895,-87,135,54,
97935,-65,141,33,
97975,-44,137,14,
98015,-14,134,-5,
98055,26,122,-103,
98096,20,102,-218,
98136,-17,75,-298,
98176,-55,49,-350,
98216,-90,25,-385,
98256,-121,5,-404,
98296,-145,-5,-412,
98336,-166,-3,-408,
98376,-178,-4,-408,
98416,-189,1,-395,
98456,-200,8,-382,
98496,-231,4,-376,
98536,-301,-14,-362,
98576,-364,-9,-294,
98616,-388,-4,-255,
98656,-402,3,-208,
98696,-404,8,-171,
98736,-402,20,-133,
98776,-395,31,-82,
98816,-397,20,9,
98856,-359,3,121,
98896,-308,4,169,
98936,-247,0,210,
98976,-179,-5,240,
99016,-102,-22,256,
99056,-20,-45,258,
99097,69,-64,223,
99137,128,-99,204,
99177,162,-142,206,
99217,183,-149,178,
99257,210,-140,133,
99297,242,-138,55,
99337,270,-177,4,
99377,291,-208,-57,
99417,299,-248,-128,
99457,286,-277,-217,
99497,251,-274,-303,
99537,177,-230,-390,
99577,113,-226,-441,
99617,57,-212,-465,
99657,-54,-239,-519,
99697,-210,-306,-525,
99737,-345,-355,-485,
99777,-438,-409,-416,
99817,-492,-466,-349,
99857,-528,-505,-283,
99897,-547,-515,-236,
99937,-558,-524,-195,
99977,-567,-511,-155,
100017,-571,-520,-118,
100057,-569,-546,-97,
100098,-546,-628,-48,
100138,-532,-646,-20,
100178,-521,-670,-3,
100218,-503,-700,3,
100258,-488,-735,-23,
100298,-484,-740,-21,
100338,-473,-738,33,
100378,-442,-723,138,
100418,-396,-681,232,
100458,-356,-651,287,
100498,-328,-629,314,
100538,-311,-604,340,
100578,-302,-589,350,
100618,-307,-589,353,
100658,-314,-594,353,
100698,-328,-601,352,
100738,-336,-609,349,
100778,-334,-613,355,
100818,-338,-618,362,
100858,-340,-621,366,
100898,-341,-627,369,
100938,-354,-636,365,
100978,-366,-643,365,
101018,-377,-650,361,
101058,-387,-663,358,
101099,-391,-668,358,
101139,-390,-674,367,
101179,-395,-683,371,
101219,-402,-690,374,
101259,-414,-698,370,
101299,-430,-713,365,
101339,-444,-720,362,
101379,-453,-725,363,
101419,-460,-729,366,
101459,-461,-735,370,
101499,-467,-739,377,
101539,-470,-745,379,
101579,-478,-749,385,
101619,-491,-755,382,
101659,-498,-754,383,
101699,-504,-753,389,
101739,-508,-756,396,
101779,-508,-755,409,
101819,-508,-755,415,
101859,-510,-752,426,
101899,-514,-752,431,
101939,-515,-753,438,
101979,-517,-752,445,
102019,-520,-749,451,
102059,-522,-749,456,
102100,-522,-749,460,
102140,-526,-752,462,
102180,-538,-751,465,
102220,-540,-754,464,
102260,-543,-752,470,
102300,-546,-752,475,
102340,-546,-752,478,
102380,-541,-746,485,
102420,-537,-747,493,
102460,-539,-747,493,
102500,-535,-751,499,
102540,-529,-752,507,
102580,-525,-750,512,
102620,-522,-742,523,
102660,-521,-735,524,
102700,-521,-731,526,
102740,-521,-731,525,
102780,-519,-730,529,
102820,-518,-733,530,
102860,-515,-733,528,
102900,-511,-736,529,
102940,-506,-739,530,
102980,-503,-740,531,
103020,-500,-735,535,
103060,-497,-730,541,
